,SCF_post1_anom,SCF_anom_mean,ppt_post1_anom,ppt_anom_mean,elevation,slope,southness,veg_cover_pre,rdnbr_stdev,rdnbr,Region,pt_count,R2,xR2
Douglas fir,8,18,26,8,19,6,1,4,5,5,WA_Cascades,968,0.42,0.32
Englemann spruce/Subalpine fir,3,7,34,3,10,14,2,5,10,12,WA_Cascades,380,0.42,0.27
Whitebark pine,14,24,27,21,4,4,0,3,1,2,WA_Cascades,282,0.76,0.59
Grand fir,19,16,7,22,6,16,3,7,4,0,OR_Cascades,121,0.7,0.45
Western hemlock/Silver fir,16,15,24,14,18,13,0,0,0,0,OR_Cascades,180,0.32,0.3
Mountain hemlock,0,14,28,24,12,9,4,5,0,4,OR_Cascades,192,0.57,0.54
Douglas fir,7,7,12,14,37,0,0,10,5,8,Central_ID,516,0.43,0.31
Englemann spruce/Subalpine fir,5,5,21,40,18,4,0,1,2,4,Central_ID,293,0.39,0.23
Whitebark pine,23,24,14,37,0,2,0,0,0,0,Central_ID,210,0.13,0.13
Douglas fir,0,3,42,44,10,0,0,0,0,1,MT_Rockies,143,0.33,0.1
Englemann spruce/Subalpine fir,10,9,13,20,22,0,0,9,11,6,MT_Rockies,231,0.39,0.18
